municipio_id,municipio_nombre,localidad,nombre_agrupamiento_promotor,tipologia,iniciativa,tipo_segun_origen,numero_decreto,numero_decreto_de_ampliacion,ubicacion,latitud,longitud,nombre_de_contacto,institucion,telefono,mail_1,mail_2,superficie_hectareas,cantidad_lotes_parcelas,lotes_parcelas_disponibles,reglamento_interno,area_de_reserva,infraestructura_basica,servicio_ adicionales,centro_de_capacitación_en_el_agrupamiento,vinculación_con_un_centro_de_formación_externo,numero_empresas,numero_empleados_estimado,seccion_electoral,interior_conurbano,
060007,Adolfo Alsina,Carhué,SIP Adolfo Alsina,Sector industrial,Oficial,Originario,"8528/87",N/C,Ruta Nacional Nº 33 y Ruta Prov. Nº 60,-37.16827,-62.703989,Sergio Hernán Suarez,Secretaría de la Producción,(02936) 430-572,adolfoalsina@gmail.com,s/d,15,27,Si,No,Si,"Consolidado de calles, energía eléctrica, cerco perimetral,banda de forestación, desagues industriales y pluviales, comunicaciones, alumbrado público, gas y agua x perforación","Seguridad privada, control de rondines",No,Si,3,100,6ta. sección,Interior,
060021,Alberti,Alberti,SIP Alberti 1,Sector industrial,Oficial,Originario,"5893/86",N/C,Av. De Los Inmigrantes N° 60,-35.04461,-60.276165,Sr. Zoia,Sec. de Producción,(02346) 47-0215 / 47-1821,gran.pipi@hotmail.com,s/d,11.5,s/d,s/d,s/d,s/d,s/d,s/d,s/d,s/d,10,300,4ta. sección,Interior,
060028,Almirante Brown,Burzaco,SIP Almirante Brown ,Sector industrial,Mixto,Parcelamiento preexistente,4705/93,1002/15,Av. Hipólito Yrigoyen y Ruta Provincial Nº 4,-34.846915,-58.410377,Dra. Ariadna Kerwich - Javier Gómez,Comisión Mixta,(011) 4238-7283,gabriela786@homail.com,info@parqueindustrialburzaco.com,458,s/d,Si,Si,s/d,"Pavimento, consolidado de calles,energía, desagües industriales y pluviales, comunicaciones, alumbrado público, gas, agua x perforación","Seguridad privada con 43 cámaras. 4 entidades bancarias: Galicia, Provincia, credicoop, santander",s/d,s/d,240,20000,3ra. sección,Conurbano,
060077,Arrecifes,Arrecifes,SIP Arrecifes,Sector industrial,Oficial,Originario,392/15,N/C,Ruta Nac. 8 Km 179.5,-34.024556,-60.135054,Jorge Luis Filigheras,Dirección de Producción,(02478) 454822 int. 125,dirprod@arrecifes.mun.gba.gob.ar,municipalidadarrecifes@gmail.com,32,29,s/d,SI,Si,"Pavimento, consolidado de calles, energía, cerco perimetral, banda de forestación, desagües pluviales, alumbrado publico, agua",No,No,Si,15,600,2da. sección,Interior,
060035,Avellaneda,"Sarandí, Villa Luján",PI Villa Luján,Parque industrial,Mixto,Parcelamiento preexistente,1781/15,N/C,Calle Pitágoras esq. V. de Lujan,-34.700298,-58.358576,Humberto Borsani,Sec. de Producción,(011) 5227-7000 /( 011) 2078-2000,secretariadeproduccion@yahoo.com.ar,ceremonial@avellaneda-ba.gov.ar,32,38,Si,Si,s/d,"Consolidado de calles, energía, cerco perimetral desagües industriales y pluviales, telefonía, internet, alumbrado publico, gas, agua, cloacas, servicios comunes",No,s/d,s/d,30,1400,3ra. sección,Conurbano,
060042,Ayacucho,Ayacucho,Sip Ayacucho,Sector industrial,Oficial,Originario,3947/00,N/C,Ruta Provincial Nº 50 y Circunvalación Noroeste,-37.153806,-58.508247,"Hernán Naveyra, Lic. Mateo, J. Franco, Camilatti",Municipalidad de Ayacucho,(02296) 459020 / 459038,hernannaveyra@hotmail.com,vialidad@ayacucho.mun.gba.gov.ar,8,13,Si,SI,No,"Consolidado de calles, energía eléctrica, cerco perimetral,banda de forestación, desagues pluviales, comunicaciones, alumbrado público, gas y agua.",No,No,Si,6,80,5ta. sección,Interior,
060049,Azul,Azul,PI Azul 1,Parque industrial,Oficial,Originario,"9772/74",N/C,A 4.5 Km del casco urbano sobre Av. Circunvalación Mujica s/nº Prolongación Norte y Av 25 de Mayo,-36.7624,-59.83944,Juan Arruti,Subsecretaría de Producción,(02281) 424360 / 431438,agenciadesarrolloazul@yahoo.com.ar,s/d,23,28,Si,No,Si,"Consolidado de calles, energía, cerco perimetral, desagües pluviales, comunicaciones, alumbrado publico, gas, agua x perforación",No,No,Si,15,300,7ma. sección,Interior,
060049,Azul,Azul,SIP Azul 2,Sector industrial,Oficial,Originario,"1826/11",N/C,A 4.5 Km del casco urbano sobre Av. Circunvalación Mujica s/nº Prolongación Norte y Av 25 de Mayo Junto a AZUL 1,-36.7624,-58.508247,Juan Arruti,Subsecretaría de Producción,(02281) 424360 / 431438,agenciadesarrolloazul@yahoo.com.ar,s/d,30,72,Si,SI,Si,"Pavimento y calles consolidadas, energía, cerco perimetral, banda de forestación, desagües pluviales, comunicaciones, alumbrado publico, gas, agua, cloacas, seguridad",No,No,Si,6,150,7ma. sección,Interior,
060056,Bahía Blanca,Bahía Blanca,PI Bahía Blanca,Parque industrial,Oficial,originario,1623/73,834/08,General Mosconi N° 1299 (8000) - BAHÍA BLANCA - Ruta de acceso sudoeste a puertos.,-38.758137,-62.285757,Raúl Carrete,CPI Consorcio Parque Industrial Bahía Blanca,(0291) 4572694,cpi.bahiablanca@gmail.com,produccion@bb.mun.gba.gov.ar,136,52,Si,SI,Si,"Pavimento, energía eléctrica, cerco perimetral, banda de forestación, desagües industriales y pluviales, comunicaciones, alumbrado público, gas, provisión de agua, cloacas, servicios comunes, cajero automático","comedor, SUM, vigilancia permanente","Si, servicios de UTN",s/d,130,5000,6ta. sección,Interior,
060063,Balcarce,Balcarce,SIP Molino 1,Sector industrial,Oficial,originario,"697/13",N/C,Ruta Provincial N° 55 A 400 Mts De Cruce Ruta Nac 226,-37.8159249649478,-58.2174680558824,Martín Carballo / Karina,Subsecretaría de Producción y empleo,(02266) 42-4007 / 42-1269,martin.carballo@hotmail.com,produccionyempleo@hotmail.com,10,22,Si,SI,Si,"Consolidado de calles, energía, cerco perimetral, banda de forestación, alumbrado publico, agua",No,No,ADIMRA (Asociación de Ind. Metalúrgica Rep. Arg.),5,140,5ta. sección,Interior,
060084,Benito Juárez,Benito Juárez,SIP Benito Juárez,Sector industrial,Oficial,Originario,"669/86",N/C,Ruta Provincial N° 86 KM 138,-37.8433333333,-59.8691666667,Luis Mori,Dirección de Producción,(02292) 45-1350 interno 22 / (02281) 15 590676,parqueindustrialbenitojuarez@hotmail.com,www.benitojuarez.gov.ar,10,10,Si,No,No,"Consolidado de calles, energía, cerco perimetral, comunicaciones, alumbrado público, agua x perforación",No,No,Dirección de Producción y Centro IDEB. Universidad del Centro.INTI - INTA,7,200,6ta. sección,Interior,
060091,Berazategui,El Pato,Pibera,Parque industrial,Privado,Originario,899/12,N/C,Ruta Nacional Nº 2 aproximadamente altura Km. 38 - El Pato,-34.875591,-58.175156,Adrián Naninni,s/d,(02229) 49-8700/ (011) 4344-5753,info@pibera.com.ar,s/d,27,59,No,s/d,s/d,"Pavimento, energía eléctrica, cerco perimetral, banda de forestación, desagües industriales y pluviales, comunicaciones, alumbrado público, gas, provisión de agua, cloacas, servicios comunes",Seguridad privada,No,No,25,1100,3ra. sección,Conurbano,
060091,Berazategui,El Pato,CIR 2,Parque industrial,Privado,Refuncionalización,1017/93,N/C,Sobre la Ruta Nacional Nº 2 (altura Km. 37.5) - El Pato,-34.868342,-58.177309,Martín Balducchi / Marcos Casas,Administración CIR-2,(02229) 491710 / (02229) 491452,cir2bera@c3l.com.ar,mbalducci@cir2.com.ar,34.5,13,Si,SI,Si,"Pavimento, energía, cerco perimetral, desagües industriales y pluviales, comunicaciones, alumbrado público, gas, cloacas, servicios comunes","Planta de depuración de efluentes, sistema de aire comprimido, red contraincendios, Vigilancia, servicio médico",s/d,s/d,22,800,3ra. sección,Conurbano,
060091,Berazategui,Hudson,CoCEMA - Polo Temático Mueblero Maderero Berazategui,Sector industrial,Oficial,Originario,859/13,N/C,AU La Plata-Bs.As. Km 30.5 Berazategui,-34.7762706656751,-58.1616638872947,Roberto Ventimiglia,Presidente del Polo Maderero,(011) 6089-3831 / (011) 2204-3156/57,administracion@madervent.com.ar,s/d,33,s/d,s/d,SI,Si,"Pavimento, energía, cerco, banda de forestación, alumbrado público, gas, cloacas",s/d,s/d,s/d,10,500,3ra. sección,Conurbano,
060091,Berazategui,Plátanos,PI Plátanos,Parque industrial,Oficial,Refuncionalización,"2407/08",N/C,Avenida Nicolás Milazzo Nº3251. Plátanos. Partido de Berazategui,-34.786726,-58.179133,Asociación de Propietarios del Parque Industrial Plátanos,Asociación de Propietarios del Parque Industrial Plátanos,(011) 4215-4462 / 4411,parqueindplatanos@speedy.com.ar,ventas@papelerarosatosa.com.ar,53.5,s/d,Si,SI,Si,"Energía, cerco perimetral, comunicaciones, gas",s/d,s/d,s/d,46,1600,3ra. sección,Conurbano,
060098,Berisso,Berisso,Polígono Industrial,Polígono industrial,Oficial,Refuncionalización,"1279/99",N/C,Calle Marsella y Entremuros,-34.8620245921715,-57.8908037530345,Fabián López / Alejandro Crusat,Subsecretaría de Planificación y obra pública,(0221) 461-1163 / 546-1009,fablop12510@gmail.com,contacto@berisso.gov.ar,9,sin subdivisión (40 naves industriales),Si,SI,No,"Pavimento, energía, cerco, desagües industriales y pluviales, comunicaciones, alumbrado público, gas, agua, cloacas, servicios comunes,",s/d,No,No,45,800,3ra. sección,Conurbano,
060105,Bolívar,Bolívar,Sip Bolívar,Sector industrial,Oficial,Originario,1539/85,N/C,Sobre la Ruta Provincial Nº 65 (altura km 330).,-36.202807,-61.133914,Sec de asuntos Agrícolas,Micaela Guinea - Mariano Ruiz,(02314) 42 4392 /15 41 5157,mguinea@bolivar.gov.ar,mjruiz@bolivar.gov.ar,41,43,Si,SI,Si,"Cordón cuneta, energía, cerco perimetral, banda de forestación, desagües industriales y pluviales, comunicaciones, alumbrado público, gas, agua",Seguridad municipal,No,Centro Regional Universitario Bolívar,18,300,7ma. sección,Interior,
060112,Bragado,Bragado,PI Jaime Bernardo COLL,Parque industrial,Oficial,Originario,926/78,N/C,Sobre la Ruta Nacional Nº 5 (altura Km. 209). lindero a planta Aceros Bragado.,-35.135274,-60.449928,Lic Calderón,Secretaría de Producción bragado,(02342) 422-255,produccion@bragado.gov.ar,s/d,42,55,Si,SI,Si,"Pavimento 20%, cerco, energía, desagües pluviales, comunicaciones, alumbrado, gas, agua, cloacas",Vigilancia,No,No,26,700,4ta. sección,Interior,
060126,Campana,campana,PIP Campana,Parque industrial,Privado,Originario,1258/01,N/C,Au. Ruta Nacional 9 Km 70.4,-34.211152,-58.928685,Jorge y/u Omar Ferreiro,Administración Parque Industrial,(011) 4756-4414/4521 / (011) 4762-0408,info@parqueindustrialcampana.com,s/d,162,52,Si,SI,Si,"Pavimento, energía, cerco perimetral, banda de forestación, desagües industriales y pluviales, comunicaciones, alumbrado público, gas, agua, cloacas, servicios comunes",Seguridad privada,No,No,25,1000,1ra. sección,Interior,
060134,Cañuelas,Cañuelas,PIP Cañuelas 1,Parque industrial,Privado,Originario,728/09,N/C,Ruta Provincial Nº 6 Km 65,-35.0569444444,-58.85,Sara Ponce,Administración PI,(011) 15 6028 3345 / (02226) 423487 / 423561,contacto@parquecanuelas.com.ar,sara@impactoinmobiliaria.com.ar,100,72,Si,SI,Si,"Pavimento, energía, cerco perimetral, banda de forestación, desagües industriales y pluviales, comunicaciones, alumbrado público, gas, cloacas",balanza 80 Ton y Helipuerto,s/d,s/d,35,1700,3ra. sección,Interior,
060147,Carlos Casares,Carlos Casares,PI Carlos Casares,Parque industrial,Oficial,Originario,3359/75,N/C,Sobre la Ruta Nacional N° 5 (altura Km. 314).,-35.7261111111,-61.4175,Isaul Wildner,Área de Producción,"(02396) 15415408 // (02395) 45-1100 (interno 121),",industriaycomerciocscs@gmail.com,parqueindustrial@casares.gov.a,24,51,Si,No,Si,"Pavimento, energía, cerco perimetral, banda comunicaciones, alumbrado público, gas, agua, cloacas,",s/d,Si,No,29,600,4ta. sección,Interior,
060210,Chacabuco,Chacabuco,SIP Chacabuco,Sector industrial,Oficial,Originario,393/15,N/C,Ruta Nac 7 Km 212,-34.618356,-60.502183,Ing. Ariel Di Piero / Ezequiel,Secretaría de Producción,(02352) 42 8423 / 15 46 7578 // 45 2409,produccion@chacabuco.gob.ar,ezequielcourade@hotmail.com,28,57,No,SI,Si,"Consolidado de calles, energía, cerco perimetral, banda de forestación , desagües industriales y pluviales, comunicaciones, alumbrado público, agua",Seguridad privada cámaras,No,Si,15,700,4ta. sección,Interior,
060224,Chivilcoy,Chivilicoy,PI Chivilicoy,Parque industrial,Oficial,Originario,1623/73,796/13,Ruta Nacional N° 5 (altura Km. 160). a 5 Km del casco urbano.,-34.9919444444,-60.0369444444,"Dr Leandro Cresri, Natalia Barbieri / Jorge Daniel Ballerini (Presidente)",Asociación Propietarios del Parque Industrial Chivilicoy / Sec. de Prod. Municipal.,(02346) 411-407 (Barbieri) (02346) 530566 (Ballerini) // 433 431 (administración),nbarbieri@parqueindustrialchivilicoy.com,administracion@parqueindustrialchivilicoy.com,84,76,No,SI,Si,"Pavimento, energía, cerco perimetral, desagües industriales y pluviales, comunicaciones, alumbrado publico, gas, agua, servicios comunes",Seguridad privada,No,"Si, UTN",67,2500,4ta. sección,Interior,
060189,Coronel Dorrego,Coronel Dorrego,SIP Coronel Dorrego,Sector industrial,Oficial,Originario,"3251/86",N/C,Acceso SO (Avenida Fuertes. a 300 mts aprox ruta 3,-38.742414,-61.317562,Ana Ines Errasquin,Dirección de Producción,(02921) 452212 int.214,produccionmcd@s7.coopenet.com.ar,anahiguisa@hotmail.com,33,38,Si,No,Si,"Pavimento y consolidado de calles, energía, cerco perimetral, banda de forestación, desagües industriales y pluviales, comunicaciones, alumbrado publico, gas, agua,",s/d,No,No,5,70,6ta. sección,Interior,
060196,Coronel Pringles,Coronel Pringles,SIP Coronel Pringles,Sector industrial,Oficial,Originario,"536/88",N/C,Boulevard 40 a metros de la Ruta Provincial 51(Presbítero Pedro Amin),-38.006307,-61.346038,Oscar Rossi,"Dirección de Producción, asuntos rurales y turismo",(02922) 46-5490 / 46-6166 / (02923) 15 57-1666,produccion@coronelpringles.gov.ar,s/d,20,37,Si,No,Si,"Consolidado de calles, energía, cerco perimetral, banda de forestación, desagües industriales y pluviales, comunicaciones, alumbrado publico, agua, servicios comunes",Casilla de vigilancia,No,Si,7,150,6ta. sección,Interior,
060203,Coronel Suárez,Coronel Suárez,PI Coronel Suárez,Parque industrial,Oficial,Originario,"634/80",N/C,Avenida Circunvalación Juan Salvi N° 950 (7540) - R Prov. N°85 y R.Prov. N°67,-37.474858084971,-61.8868446350097,Juan Fidelle,Secretaría de Producción,(02926) 42-9270,juan.fidelle@coronelsuarez.gob.ar,comunicaciones@coronelsuarez.gob.ar,51,55,Si,No,Si,"Pavimento, consolidado de calles, energía, cerco perimetral, banda de forestación, desagües pluviales, comunicaciones, alumbrado publico, agua, servicios comunes",Seguridad privada,No,"Si, INTA",15,250,6ta. sección,Interior,
060231,Daireaux,Daireaux,SIP Daireaux,Sector industrial,Oficial,Originario,"1085/05",N/C,Av. Pedro y Piedad Balbuena s/n,-36.595914,-61.731722,Ing. Walter Martin - Gustavo Tobaldo (Coord. SIP),Secretaría de Desarrollo - Obras Publicas,(02316) 453-636 / 453463 / 45-2135 / 2226 (02314)15 404-990 // (02324)15 553-401,parqueindustrialdx@gmail.com,taquifi@yahoo.com.ar,21.7,44,Si,No,Si,"Pavimento, consolidado de calles, energía, cerco perimetral, banda de forestación, desagües pluviales, comunicaciones, alumbrado publico, gas parcialmente, agua, servicios comunes",Seguridad municipal,No,No,20,700,6ta. sección,Interior,
060238,Dolores,Dolores,SIP Dolores,Sector industrial,Oficial,Originario,3707/90,N/C,Acceso pavimentado a 1 km de Ruta Nacional Nº 2. Calle Domingo Negri s/n,-34.63235,-59.395742,Graciela Suárez (Dir de Industria),Dirección de Producción,(02245) 44-6580 / 446060 int. 159 // (02245) 15 50-8246,suarez_graciela@yahoo.com.ar,produccion@dolores.gov.ar,43,32,Si,No,Si,"Pavimento, consolidado de calles, energía, cerco perimetral, desagües industriales, comunicaciones, alumbrado público, agua, cloaca, servicios comunes",Vivero,s/d,s/d,6,120,5ta. sección,Interior,
060252,Escobar,Garín,PIP CIPO,Parque industrial,Privado,Parcelamiento preexistente,"29/95",N/C,Acceso Norte - Ramal Campana. Avenida Einstein y Gral.Savio,-34.4958333333,-58.8519444444,Ricardo Andrés Aspiroz Cosa / Julia Gambeti,Cámara de Industriales del Parque OKS,(03488) 471261 (03327) 452545,cipo@parquecipo.com.ar,s/d,70,35,Si,s/d,s/d,"Pavimento, energía, , desagües industriales y pluviales, comunicaciones, alumbrado público, gas, servicios comunes","Banco, confitería, restaurant, administración, oficina de correo",s/d,s/d,50,2400,1ra. sección,Conurbano,
060270,Ezeiza,Canning,Novaterra ( Canning 1 ),Parque industrial,Privado,Originario,"2735/10",N/C,Perito Moreno 375 e/ Ñandubay y las Vías del FCGB,-34.9636111111,-58.5980555556,Rubén y Yamila Ramos (propietario) / Daniel Benítez (subsec de planeamiento),Nova Terra Emprendimientos Inmobiliarios,(011) 2078-1180 // 011 49255952 - 15-3160-3560,comunicaciones@canningindustrial.com.ar,s/d,9.75,s/d,Si,s/d,s/d,"Pavimento, energía, cerco perimetral, banda de forestación , desagües industriales y pluviales, comunicaciones, alumbrado público, gas, agua, cloacas, servicios comunes","Seguridad privada, cabina de control, oficina administrativa, salón de usos múltiples, centro de convenciones",s/d,s/d,40,1800,3ra. sección,Conurbano,
060270,Ezeiza,Canning,Novaterra ( Canning 2),Parque industrial,Privado,Originario,485/18,N/C,Perito Moreno 375 e/ Ñandubay y las Vías del FCGB,-34.876082,-58.526988,Rubén y Yamila Ramos (propietario) / Daniel Benítez (subsec de planeamiento),Nova Terra Emprendimientos Inmobiliarios,(011) 2078-1180 // 011 49255952 - 15-3160-3560,comunicaciones@canningindustrial.com.ar,s/d,9.75,s/d,No,SI,Si,"Pavimento y consolidado de calles, energía, cerco perimetral, banda de forestación , desagües industriales y pluviales, comunicaciones, alumbrado público, gas, agua, servicios comunes",Seguridad privada,No,No,12,600,3ra. sección,Conurbano,
060274,Florencio Varela,Florencio Varela,SIP Florencio Varela,Sector industrial,Mixto promocional,Parcelamiento preexistente,615/15,N/C,Calle 1236 entre vías del FFCC y rotonda de Alpargatas,-34.84808,-58.19291,Sebastián Álvarez Hayes / Analía Tisera,Instituto para el Desarrollo del Agrupamiento Industrial (IDAI),(11) 4237-1601,sebastianalvarezhayes@gmail.com,analiaetisera@florenciovarela.gov.ar,73,85,Si,SI,Si,"Pavimento y consolidado, energía, cerco perimetral, banda de forestación , desagües industriales y pluviales, comunicaciones, alumbrado público, gas, agua, cloacas, servicios comunes",s/d,s/d,s/d,12,600,3ra. sección,Conurbano,
060280,General Alvarado,Miramar,SIP Miramar,Sector industrial,Oficial,Originario,3387/18,N/C,Ruta 77 Km 5,-38.2388082976224,-57.8686948288784,Sebastián Ianantuony,Secretaría de Producción,(02291) 43-0534,producción@mga.gov.ar,s/d,18,31,Si,Si,s/d,"Consolidado de calles, energía, cerco, banda de forestación,desagües pluviales, gas , alumbrado público, agua",Vigilancia,s/d,s/d,s/d,s/d,5ta. sección,Interior,
060343,General Paz,Ranchos, SIP General Paz,Sector industrial,Oficial,Originario,8769/86,N/C,Sobre la Ruta Provincial Nº 29. Km 43 y Acceso a la ciudad de Ranchos,-35.50977,-58.345161,Fernando Elichabe,Secretaría de Producción,(02241) 475306 / 475411,felichabe@yahoo.com.ar,s/d,80,75,Si,No,s/d,"Pavimento y consolidado, energía, banda de forestación , desagües pluviales, comunicaciones, alumbrado público, gas, agua,",s/d,s/d,s/d,21,500,5ta. sección,Interior,
060351,General Pinto,General Pinto,SIP General Pinto,Sector industrial,Oficial,Originario,629/90,N/C,Ruta Nacional Nº 188 Número 256. a 4 km de la cabecera,-34.797463,-61.867193,Ariel Yapur / Sra. Liliana Gariboldi,Subsecretaría de Promoción Industrial y Desarrollo Local,(02356)42-0001// 42-9024,produccion@pinto.gob.ar,turismo@pinto.gob.ar,10,25,Si,No,Si,"Consolidado de calles, energía, cerco banda de forestación, comunicaciones, agua.",s/d,No,Si,5,80,4ta. sección,Interior,
060357,General Pueyrredón,General Pueyrredón, PI General Pueyrredón,Parque industrial,Oficial,Originario,898/75,N/C,Ruta Provincial N° 88 Kilómetro 6 (7601).a 9.5 Km de Mar del Plata,-38.0369444444,-57.7927777778,Sebastián Prats,Unidad de Gestión,(0223) 499-6501/6460/6534,produ@mardelplata.gov.ar,sprats@mardelplata.gov.ar,126,80,Si,SI,Si,"Pavimento ,energía, cerco perimetral, banda de forestación , desagües industriales y pluviales, comunicaciones, alumbrado público, gas, agua, cloacas, servicios comunes",Seguridad privada,"Si, INTA",s/d,62,2800,5ta. sección,Interior,
060364,General Rodríguez,Gral. Rodríguez,PI Polo Industrial,Parque industrial,Privado,Originario,"579/15",N/C,Ruta Provincial 24 esquina Corrientes,-34.636956,-58.94582,Agustín Figueiredo,Polo Industrial Gral. Rodríguez,15 3010-9869,info@poloindustrialgr.com.ar,afigueiredo@poloindustrialgr.com.ar,40,55,Si,s/d,Si,s/d,s/d,s/d,s/d,30,900,1ra. sección,Conurbano,
060364,General Rodríguez,Gral. Rodríguez,SIP General Rodríguez,Sector industrial,Oficial,Originario,"2961/06",N/C,Ruta Provincial Nº 24 y calle Corrientes,-34.596549,-58.898284,Karina Mitre,"Secretaría de Producción, Desarrollo y Política Ambiental",(011) 15 5524 1273 // 0800-666-4334 // (0237) 484-0123 int 125,sipla@argentina.com,sec_prodgr@argentina.com,40,55,Si,s/d,Si,s/d,s/d,s/d,s/d,27,1300,1ra. sección,Conurbano,
060371,General San Martín,José León Suarez,PI Parque Suárez,Parque industrial,Privado,Refuncionalización,"434/04",N/C,Av. Brig. Gral. Juan Manuel de Rosas N° 2969,-34.5463888889,-58.6780555556,José Godino,Gerencia Parque Industrial,(011) 4720-2200,info@parquesuarez.com.ar,s/d,5.5,s/d,s/d,s/d,s/d,"Pavimento, energía, cerco, comunicaciones, alumbrado público, gas, agua.","Baños y vestuarios, confitería, vigilancia",s/d,s/d,45,1800,1ra. sección,Conurbano,
060371,General San Martín,Villa Coronel Zapiola,PI Newton,Parque industrial,Privado,Refuncionalización,"391/15",N/C,Ex Ruta 8. Calle Gral. Roca Nº4701/85 - 4801/17. calle Cuba Nº4698. Villa Coronel Zapiola. General San Martín,-34.334678,-58.342655,Cristian Pacho,Zona 1 Depósitos Industriales,4767-3889 / 4847-0722 // 4855 4404,consultas@zonna1.com,gerencia@zonna1.com,9.9,s/d,s/d,Si,s/d,"Pavimento , consolidado de calles, energía, cerco perimetral, banda de forestación , desagües industriales y pluviales, comunicaciones, alumbrado público, gas, agua, cloacas, servicios comunes",Seguridad privada,s/d,s/d,22,900,1ra. sección,Conurbano,
060406,Hipólito Yrigoyen,Henderson,(SIP) Hipólito Yrigoyen,Sector industrial,Oficial,Originario,3490/91,N/C,Sobre la Ruta Provincial Nº 86 y acceso a Henderson,-36.306561,-61.747776,Andrés Avila,Dirección de Desarrollo Local,(02314) 45-1096 // 15621504,desarrollohenderson@gmail.com,subcom@yrigoyen.mun.gba.gov.ar,7,12,Si,No,No,"Asfalto, energía, cero, banda de forestación, desagües pluviales, comunicaciones, alumbrado público, gas, agua, cloacas, servicios comunes","vigilancia, patrulla rural",No,No,9,150,4ta. sección,Interior,
060408,Hurlingham,Hurlingham,PI y Logístico Good Park S.A.,Parque industrial,Privado,Refuncionalización,"857/13",N/C,calles Ocampo - Gaboto - Rodríguez y Vías del Ferrocarril (Línea San Martín),-34.5975959061604,-58.621488365084,Fabián Fitipaldi,Good Park S.A.,(011) 4739-2121,info@goodpark.com.ar,fabfitt@hotmail.com,24,s/d,Si,SI,Si,"Pavimento, energía, cerco perimetral, desagües pluviales, comunicaciones, gas, agua, cloacas,",s/d,s/d,s/d,9,600,1ra. sección,Conurbano,
060413,Junín,Junín,Parque Industrial Arturo Frondizi,Parque industrial,Oficial,Originario,"1597/79",N/C,Av. Alvear nº 1900. sobre RN 188. km 163.5; a 500 mts de la Av. de Circunvalación. frente al Aeroparque Junín,-34.62,-60.9413888889,Daniel Coria / Matías Senigagliesi,Subsecretaría Económica y producción,(0236) 463-3636,danielcoria@junin.gob.ar,parqueindustrial@junin.gob.ar,105,75,No,SI,Si,"Pavimento y consolidado de calles, energía, cerco perimetral, banda de forestación, desagües pluviales, comunicaciones, alumbrado público, gas, agua, servicios comunes","Seguridad Provincial, Servicio contra incendio. Servicio de vigilancia y puesto de Seguridad. Sala de primeros auxilios. Control de accesos. Edificio de administración.Guardería",No,No,62,2000,4ta. sección,Interior,
060427,La Matanza,Virrey del Pino,"Parque Industrial La Matanza S.A.",Parque industrial,Privado,Originario,85/09,N/C,Autovía 3 Km 42.5,-34.8911111111,-58.6994444444,Cdor Guidetti / Ing. Juan Caride,Impacto Inmobiliaria,(011) 4625 - 0525 Cel.11 6028-3356 / (11) 4424-7200,info@pilmsa.com.ar,contacto@pilmsa.com.ar,250,s/d,Si,SI,Si,s/d,s/d,s/d,s/d,27,900,3ra. sección,Conurbano,
060441,La Plata,La Plata,PI La Plata,Parque industrial,Oficial,Originario,"3437/97",N/C,Sobre la Avenida 520 (Ruta Provincial N°13) en la intersección con Ruta Nacional N°2,-35.0463007003739,-58.156299109105,Pedro Leandro Pompilio,Direcor de Procucción,(0221) 491-5469 y 0800-999-5959,parquesindustriales@laplata.gov.ar,lpompilio@laplata.gov.ar,58,28,No,Si,No,"Pavimento, energía, banda de forestación, comunicaciones, gas, agua",s/d,s/d,s/d,15,1000,8va. sección,Conurbano,
060434,Lanús,Lanús,CEPILE,Parque industrial,Mixto,Parcelamiento preexistente,2055/03,N/C,Camino General Belgrano y General Deheza,-34.7683333333,-58.4488888889,Rodolfo Oscar Nadela,Cámara de Empresarios Parque Industrial Lanús Este,(011) 15 31449121 // (011) 4246-0259,oscar.nadela@ar.roca.net,cepile_2@hotmail.com,46,s/d,No,Si,s/d,"Pavimento, energía, cerco perimetral, desagües pluviales, comunicaciones, alumbrado público, gas, agua, cloacas",s/d,s/d,s/d,39,2500,3ra. sección,Conurbano,
060448,Laprida,Barrio Santa Ana, SIP Laprida,Sector industrial,Oficial,Originario,9414/87,N/C,Prolongación Av. Ferreyra a 1000 metros de la estación del Ferrocarril (FFCC) Prolongación Sur,-37.559196,-60.788761,José Damián Vega,"Subsecretaría de Políticas Económicas, Producción y Empleo",(02285) 42-0087/ 1501 /1301 int. 54,mlproduccion@laprida.net,mlsproduccion@laprida.net,11,20,Si,SI,Si,"Consolidado de calles, energía, cero, banda de forestación, desagües pluviales, comunicaciones, alumbrado público, gas, agua, cloacas, servicios comunes",s/d,s/d,s/d,2,50,6ta. sección,Interior,
060455,Las Flores,Las Flores,SIP las Flores,Sector industrial,Oficial,Originario,"1644/09",N/C,Ruta Nac 3 entre Manuel Venancio Paz y Acceso Pte. Perón,-36.022861,-59.078182,Marcelo Labollita,Dirección de Industria y Comercio,(02244) 44-4400,desarrollolocal@lasflores.gov.ar,marlab24@yahoo.com.ar,10,s/d,Si,SI,Si,"Consolidado de calles, energía, cero, banda de forestación, desagües pluviales, comunicaciones, alumbrado público, gas, agua, cloacas, servicios comunes",Seguridad municipal,No,Si,11,800,5ta. sección,Interior,
060469,Lincoln,Lincoln,PI Lincoln,Parque industrial,Oficial,Originario,2455/75,N/C,Sobre la Ruta Nacional N° 188 intersección acceso García; a 5 Km del casco urbano.,-34.9672222222,-61.5752777778,Juan Cruz Martínez,Secretaría de Producción y Medio Ambiente,(02355) 422600,produccionyambiente@lincoln.gob.ar,jcmartinez@lincoln.gob.ar,27,39,Si,No,Si,"Pavimento, energía, cero, banda de forestación, desagües industriales parciales, comunicaciones, alumbrado público, agua","Las calles están asfaltadas pero no en muy buen estado, falta garita de seguridad, el mantenimiento en el interior del parque escaso, falta el reglamento interno",No,Si,17,400,4ta. sección,Interior,
060476,Lobería,Tamengeyu,SIP Lobería,Sector industrial,Oficial,Originario,187/10,N/C,Ruta Provincial 227 Km 46 y Félix Yrigoyen - Tamangueyú. a 5 Km planta urbana,-38.216773,-58.731578,Ing. Alejandro Javier Santamaría,Agencia de Desarrollo Local,(02261)-442559,desarrollolocal@loberia.gov.ar,s/d,10,s/d,Si,s/d,s/d,"Consolidado de calles, energía, cerco, banda de forestación, desagües pluviales, comunicaciones, agua, cloacas.",áreas verdes,s/d,s/d,1,10,5ta. sección,Interior,
060490,Lomas de Zamora,Lavallol,Polinsur,Parque industrial,Privado,Refuncionalización,823/13,N/C,Av. Garibaldi 2300,-34.782906,-58.427791,Ezequiel ochoa,Polinsur,(011) 4231 0269 / 4310 0746,pilz2@hotmail.com,s/d,19,s/d,s/d,Si,s/d,"Energía, cerco perimetral, banda de forestación, desagües pluviales, alumbrado, agua, cloacas, comunicaciones",s/d,s/d,s/d,8,400,3ra. sección,Conurbano,
060497,Luján,Luján, (PI) Luján - Villa Flandria,Parque industrial,Privado,Refuncionalización,1448/03,N/C,Avenida Flandes N° 1272. Distante 8 km. de Ruta Nacional N° 7,-34.6488888889,-59.2125,Carlos Diforti / Lucas Daniel González,Algoselan,(02323) 497345,info@parqueflandria.com.ar,info@algoselan.com.ar,32,25,No,Si,s/d,"Asfalto y consolidado de calles, energía, cero, banda de forestación, desagües pluviales e industriales, comunicaciones, alumbrado público, gas, agua, cloacas, servicios comunes",Planta de tratamiento de efluentes líquidos,s/d,s/d,25,900,1ra. sección,Conurbano,
060515,Malvinas Argentinas,Tortuguitas,PI Tortuguitas,Parque industrial,Privado,Parcelamiento preexistente,"1022/99",N/C,Acceso Norte Ramal Pilar y Avenida Constituyentes,-34.5002777778,-58.8677777778,Jorge E. Fernández,Administración Cámara Industrial Tortuguitas,(011) 5426-9629,coordinador@cepima.com.ar,pitortuguitas@gmail.com,88,s/d,No,Si,s/d,"Asfalto, energía, cero, desagües pluviales e industriales, comunicaciones, alumbrado público, gas, agua, cloacas, servicios comunes",s/d,s/d,s/d,26,1000,1ra. sección,Conurbano,
060532,Mercedes,Mercedes,Sip Mercedes,Sector industrial,Oficial,Originario,6028/84,N/C,Sobre la Ruta Provincial Nº 41. km 94. A 4 km del cruce con Ruta Nacional Nº 5.,-34.6323,-59.395646,Simón Brusich,Dirección de Producción,(02324) 421370,contacto@mercedes.gob.ar; produccion@mercedes.gob.ar,produccion@mercedes.gba.gov.ar,19,26,Si,SI,Si,"Asfalto y consolidado de calles, energía, cero, banda de forestación, desagües pluviales, comunicaciones, alumbrado público, gas, agua, cloacas",Seguridad privada,No,Si,16,300,1ra. sección,Interior,
060560,Moreno,Moreno,PI Franco del Oeste-Piu Latte,Parque industrial,Privado,Refuncionalización,2550/15,N/C,Cruce de Rutas P Nº 24 y Nº 25 . con acceso directo a Rutas Nº 6. Nº 8. Nº 9 y Acceso Oeste.,-34.628442,-58.807844,Fernando. Ariel Galletta,PIFO,s/d,agalletta@iassa.com.ar,s/d,55,51,Si,Si,s/d,"Asfalto y consolidado de calles, energía, cero, banda de forestación, desagües pluviales, comunicaciones, alumbrado público, gas, agua, cloacas",Seguridad privada,No,Si,12,400,1ra. sección,Conurbano,
060560,Moreno,Moreno,PI Buen Ayre,Parque industrial,Privado,Originario,1033/13,N/C,Martin Gainza Nª 801 y Azopardo,-34.6206803828078,-58.724627479587,Arq Guillermo González / Federico Alejandro Zamalloa,Consorcio de Copropietarios PI del Buen Ayre ,(011) 4621 9777,gerencia@sgonzalez.com.ar,s/d,38,s/d,s/d,s/d,s/d,"Asfalto y consolidado de calles, energía, cero, banda de forestación, desagües pluviales e industriales, comunicaciones, alumbrado público, gas, agua, cloacas, servicios comunes",Seguridad privada,s/d,s/d,15,700,1ra. sección,Conurbano,
060560,Moreno,Moreno,PI del Oeste - KIM,Parque industrial,Privado,Originario,2995/08,N/C,Cruce de Ruta Provincial Nº 25 y Ruta Provincial Nº 24,-34.7152777778,-58.8666666667,Pastura Propiedades,Pastura Propiedades,s/d,pasturapropiedades@speedy.com.ar,hkim450@hotmail.com,17,37,Si,Si,s/d,"Asfalto, energía, cero, banda de forestación, desagües pluviales e industriales, comunicaciones, alumbrado público, gas, cloacas, servicios comunes",s/d,No,No,10,700,1ra. sección,Conurbano,
060560,Moreno,La Reja,PI Troquel-Cor,Parque industrial,Privado,Parcelamiento preexistente,858/13,N/C,Intersección de calles Belisario Roldán Nº2227 y Colectora Gaona. La Reja,-34.634063,-58.811415,Ing Roque Primerano,S/d,(0237) 4051495 (011) 1556416447,roqueprimerano@gmail.com,troquelcor@yahoo.com.ar,6.24,24,s/d,s/d,s/d,"Asfalto y consolidado de calles, energía, cero, banda de forestación, desagües pluviales e industriales, comunicaciones, alumbrado público, gas, agua, cloacas, servicios comunes",Seguridad privada,Si,s/d,12,500,1ra. sección,Conurbano,
060568,Morón,Morón,PI La Canrabrica,Parque industrial,Oficial,Refuncionalización,3639/99,N/C,Calle Tres Arroyos y Valentín Gómez,-34.7047222222,-58.7336111111,Fernanda Becce // Florencia Mancilla,UIO,(011) 4627-8753 // (011) 4628-3239,mfbecce@uio.org.ar,florencia@uio.org.ar,18,47,No,SI,No,"Asfalto, energía, cero, banda de forestación, desagües pluviales e industriales, comunicaciones, alumbrado público, gas, agua, cloacas, servicios comunes","Seguridad, banco, escuela, comedor, asistencia médica, salas de capacitación",Si,s/d,41,1500,1ra. sección,Conurbano,
060574,Navarro,Navarro,SIP Navarro,Sector industrial,Oficial,Originario,4944/85,N/C,Sobre la Ruta Nº 40 (ex ruta 200). km. 95.5,-34.994603,-59.239294,Jorge Omar Yosue,Dirección de Producción,(02272) 430 673,cdsnavarro@hotmail.com,jyusue@navarro.gob.ar,33,57,No,No,Si,"Asfalto, consolidado de calles, energía, cero, banda de forestación, desagües pluviales, comunicaciones, alumbrado público, gas, agua, servicios comunes",Garita de seguridad,No,Si,9,150,1ra. sección,Interior,
060581,Necochea,Necochea,Sip Necochea,Sector industrial,Oficial,Originario,1211/89,N/C,Ruta 86 entre 98 y 106 - Calles 98.106.31 y 11,-38.5286335854272,-58.7488862991106,Martin Rogido,Secretario de Producción,(02262) -15 56-7038/ 42-2260 / 42-4907,martinrodrigo@gmail.com,produccion@necochea.gov.ar,46,36,Si,SI,Si,"Consolidado de calles, energía, cero, banda de forestación, desagües industriales, comunicaciones, alumbrado público, gas, agua, cloacas",s/d,s/d,s/d,18,300,5ta. sección,Interior,
060595,Olavarría,Olavarría,PIO,Parque industrial,Oficial,Originario,"1623/73",N/C,Sobre la Ruta Nacional N° 226 y Avenida Circunvalación,-36.9222222222,-60.3694444444,José Kolomez,Sec Des Econ,(02284) - 422135 / 422195 / 421246,julio.valetutto@olavarria.gov.ar,jose.kolomez@olavarria.gov.ar,42,123,Si,SI,Si,"Asfalto, energía, cero, banda de forestación, desagües pluviales, comunicaciones, alumbrado público, gas, agua",s/d,Si,s/d,88,3200,7ma. sección,Interior,
060595,Olavarría,Olavarría,ASIL Olavarría,Area de servicios industriales y logística,Oficial,Originario,3/13,N/C,Calles Urquiza. La Rioja. 118 y 130,-36.89531,-60.281136,s/d,s/d,s/d,s/d,s/d,40,s/d,No,No,Si,"Pavimento, consolidado de calles, energía, cerco perimetral, banda de forestación, desagües pluviales, alumbrado público",s/d,s/d,s/d,,,7ma. sección,Interior,
060602,Patagones,Patagones,SIP Patagones,Sector industrial,Oficial,Originario,1587/05,N/C,Avenida de la constitucion nacional. esquina Bernardo Bartruille (a la altura entrada a Patagones desde ruta nac. 3),-40.788322,-62.962306,Lic. Borean Emiliano,Secretaría de Desarrollo Territorial,(02920) 463498,sdtpatagones@gmail.com,s/d,34,80,Si,No,Si,"Consolidado de calles, energía, cero, banda de forestación, desagües pluviales, alumbrado público, agua, servicios comunes",s/d,s/d,s/d,3,60,6ta. sección,Interior,
060623,Pergamino,Pergamino, PI Pergamino,Parque industrial,Oficial,Originario,3360/75,N/C,Sobre la Ruta Provincial Nº 32. km 1.5. A 1 km del cruce con Ruta Nacional Nº 188,-34.0066666667,-60.7041666667,"Sergio Esteban Pizarro, Secretario de Industria",Subsecretaría de Producción y Desarrollo Económico,(02477) 40-8250,sergio.pizarro@pergamino.gob.ar,promoindustrial@pergamino.gob.ar,70,77,Si,SI,Si,"Asfalto, energía, cero, desagües industriales y pluviales, comunicaciones, alumbrado público, gas, agua, cloacas, servicios comunes.",Salón de usos múltiples,No,Si,41,900,2da sección,Interior,
060638,Pilar,Pilar,PI Austral,Parque industrial,Privado,Originario,2579/09,N/C,Av. Luis Lagomarsino (ex Ruta 8)y calle Los Sauces (prox. A Ruta 234),-34.4266666667,-58.9758333333,Sol Popliani,Administración Parque Austral,(011) 5269-4100 o (+54 230) 430-0049/50,spopliani@parqueaustral.org,cbusso@parqueaustral.org,26,102,Si,s/d,s/d,"Asfalto y consolidado de calles, energía, cero, banda de forestación, desagües pluviales e industriales, comunicaciones, alumbrado público, gas, agua, cloacas, servicios comunes",s/d,s/d,s/d,17,800,1ra. sección,Conurbano,
060638,Pilar,Pilar,PI Lago Verde S.A.,Parque industrial,Privado,Originario,2117/78,N/C,Ruta 8 km. 60. ( próximo al Km. 60 de la RN 8 . lindante con las vías del ex FFCC Belgrano.),-34.4130879682824,-58.9712619781494,Jorge Comba,Cámara Empresaria del Parque Industrial Pilar (CEPIP),(0230) 4496801/216,info@pip.org.ar,s/d,920,248,Si,Si,s/d,"Asfalto, energía, cero, desagües pluviales e industriales, comunicaciones, alumbrado público, gas, servicios comunes","Oficina de administración, báscula, bar-comedor",Si,s/d,190,20000,1ra. sección,Conurbano,
060658,Quilmes,Quilmes,Parque Industrial La Bernalesa,Parque industrial,Privado,Refuncionalización,439/18,N/C,Condarco 192. calles Martín Rodríguez. La Madrid y República del Líbano.,-34.722972,-58.284671,Leonardo Wagner / Matías Simois,Administración Valot,(011) 22069912,matias.simois@pilb.com.ar,leonardo.wagner@pilb.com.ar,9,s/d,s/d,Si,s/d,"Asfalto y consolidado de calles, energía, cero, desagües pluviales e industriales, comunicaciones, alumbrado público, gas, agua, cloacas, servicios comunes",s/d,s/d,s/d,s/d,s/d,3ra. sección,Conurbano,
060658,Quilmes,Bernal Oeste,PIP Viejo Bueno,Parque industrial,Privado,Refuncionalización,355/16,N/C,Camino General Belgrano KM 10.500,-34.7302576647452,-58.3297620911529,Ignacio Carpintero,PITQ,(011) 4270-1257,administracion@pitq.com.ar,s/d,174,s/d,s/d,s/d,s/d,s/d,s/d,s/d,s/d,100,4800,3ra. sección,Conurbano,
060665,Ramallo,Ramallo/San Nicolás,Ramallo-San Nicolás - COMIRSA,Parque industrial,Oficial,Originario,4657/74,N/C,Calle 2 y Avenida Central Oeste - Lindero a la planta siderúrgica (Ex Somisa).,-33.4958333333,-60.2494444444,Ariel Santalla Director del Parque Comirsa (Representante del Ministerio de la Producción),Ente de Promoción del Plan COMIRSA,(0336) 4461406 / 4462011,darioparlascino@parquecomirsa.com.ar,parquecomirsa@parquecomirsa.com.ar,400,297,Si,SI,Si,"Asfalto y consolidado de calles, energía, cero, banda de forestación, desagües pluviales e industriales, comunicaciones, alumbrado público, gas, agua, cloacas, servicios comunes","Administración, seguridad, portería nocturna, aeródromo",Si,s/d,100,4200,2da sección,Interior,
060672,Rauch,Rauch,SIP Rauch,Sector industrial,Oficial,Originario,2865/00,N/C,Sobre la Ruta Provincial Nº 30 a 2 km del casco urbano,-36.784361,-59.064,Juan Manuel Zelaya,Secretaría de Desarrollo Local,(02294) 216124,sjsuescun@hotmail.com,produccionrauch@hotmail.com,24,63,Si,SI,Si,"Consolidado de calles, energía, cero, banda de forestación, desagües pluviales, comunicaciones, alumbrado público, gas, agua, servicios comunes",Cabina vigilancia y sala exposición productos,Si,Si,13,400,5ta. sección,Interior,
060693,Roque Pérez,Roque Pérez,SIP Roque Pérez,Sector industrial,Oficial,Originario,4515/90,N/C,Sobre la Ruta Nacional Nº 205. km 135. distante 5 km del casco urbano,-35.377348,-59.371557,"Dr. Nicolás Granillo Fernández, Director de Producción",Dirección de Producción,(02227) 49-1051/151/251,produccionrp@rperez.mun.gba.gov.ar,subcom@rperez.mun.gba.gov.ar; produccionrp@rpereznet.com.ar,15,28,No,SI,Si,"Consolidado de calles, energía, cero, banda de forestación, desagües industriales y pluviales, comunicaciones, alumbrado público, gas, agua, servicios comunes",Seguridad privada,Si,Si,13,350,7ma. sección,Interior,
060700,Saavedra,Pigüé,SIP Saavedra,Sector industrial,Oficial,Originario,2956/85,N/C,Sobre la Ruta Nacional Nº 33. km 134.,-37.612534,-62.420836,Sr. Guillermo Oustry,Secretario de Producción y Turismo,(02923)-474005 / (02923)-475555 (Rotativas),produccion@saavedra.gov.ar,info@saavedra.gov.ar,45,89,Si,No,s/d,"Consolidado de calles, energía, cero, desagües pluviales, comunicaciones, alumbrado público, gas, servicios comunes",s/d,s/d,s/d,30,700,6ta. sección,Interior,
060707,Saladillo,Saladillo,SIP Saladillo,Sector industrial,Oficial,Originario,670/86,N/C,Prolongación Av. Frochman. a 1.5 km de la Ruta Nacional Nº 205,-35.634893,-59.764903,Adrián Filgueira,"Subsecretaría de Desarrollo Industrial, Productivo y Económico Local.",(02344)-434407 - (02344)-453030 - (02344) 15469920,sec.desarrollo@saladillo.gob.ar,subsec.desarollo@saladillo.gob.ar,8,17,Si,SI,Si,"Asfalto, consolidado de calles, energía, cero, banda de forestación, desagües pluviales, comunicaciones, alumbrado público, gas, agua",s/d,No,No,15,500,7ma. sección,Interior,
060742,San Cayetano,Balneario Saladillo,SIP Saladillo,Sector industrial,Oficial,Originario,"900/12",N/C,Ruta Provincial N° 75 N° 36 - casi ruta 85,-38.349707,-59.638167,Juan Adrián Laborde,Subsecretaría de Producción,(02983) 47-0000 int 136,produccionsancayetano@gmail.com,s/d,10,17,Si,SI,Si,"Consolidado de calles, energía, cero, banda de forestación, alumbrado público, agua",Seguridad privada,No,No,7,200,5ta. sección,Interior,
060784,Suipacha,Suipacha,SIP Suipacha,Sector industrial,Oficial,Originario,"966/92",N/C,Sobre la Ruta Nacional Nº 5. km 126. altura acceso a Suipacha,-34.781176,-59.676171,S/D,Secretaría de Planeamiento y Obras Particulares,"(02324)-480014 (int. 44 -privada- Conmutador), (02324)-480039 (Conmutador",S/D,s/d,19,27,Si,SI,Si,"Asfalto, consolidado de calles, energía, cero, desagües pluviales, comunicaciones, alumbrado público, gas, agua",s/d,s/d,s/d,6,120,1ra. sección,Interior,
060791,Tandil,Tandil,PI Tandil,Parque industrial,Oficial,Originario,2822/74,N/C,Ruta Nacional N° 226 y Ruta Provincial N° 30,-37.3761111111,-59.1886111111,Arquitecto Roberto Guadagna,Secretaría de Planeamiento y Obras Públicas,(02293) 443-2076 / 43-2063,info@tandil.gov.ar,dirgestionlocal@tandil.com.ar,22,52,Si,SI,Si,"Asfalto, consolidado de calles, energía, cero, desagües industriales y pluviales, comunicaciones, alumbrado público, gas, agua, cloacas, servicios comunes",Seguridad - centro de servicios,s/d,s/d,64,2000,5ta. sección,Interior,
060798,Tapalqué,Tapalqué,SIP Tapalqué,Sector industrial,Oficial,En desafectación como agrupamiento,630/13,N/C,Calle Josue I. Caseres y Ruta Pcial Nº51,-36.35763,-60.006175,Ing. Beltran Pablo Saint Martin / Josefina Baldomiro,Secretaría de Producción / Dirección de Catastro,(02283)-420117-019,catastro@tapalque.mun.gba.gov.ar,s/d,10,s/d,s/d,s/d,s/d,s/d,s/d,s/d,s/d,s/d,s/d,s/d,Interior,
060826,Trenque Lauquen,Trenque Lauquen,SIP Trenque Lauquen,Sector industrial,Oficial,Originario,2723/88,N/C,Sobre la Ruta Nacional Nº 5. km 443,-35.991145,-62.7024,Marecelo Ombroni,Dirección de Producción,(02392) 419995/396/397 interno 18,secretaria.produccion@trenquelauquen.gov.ar,subcom@tlauquen.mun.gba.gov.ar,46,54,Si,No,s/d,"Asfalto, consolidado de calles, energía, cero, banda de forestación, desagües industriales y pluviales, comunicaciones, alumbrado público, gas, agua, cloacas",Seguridad privada,s/d,s/d,15,450,4ta. sección,Interior,
060833,Tres Arroyos,Tres Arroyos,PI Tres Arroyos,Parque industrial,Oficial,Originario,3361/75,N/C,Sobre Ruta Nacional N° 3 altura Km 495. a 5 Km del casco urbano.,-38.4091666667,-60.4319444444,Carlos Bayúgar,Secretaría de Producción,(02983) 439250,desarrolloeconomico@tresarroyos.gov.ar,desarrolloeconomico@tresarroyos.gob.ar,93,83,Si,SI,Si,"Asfalto, consolidado de calles, energía, cero, banda de forestación, desagües pluviales, comunicaciones, alumbrado público, gas, agua, servicios comunes","Seguridad privada, circuito cerrado de Seguridad, balanza, telefonía por fibra óptica.",Si,No,40,2500,6ta. sección,Interior,
060854,25 de mayo,25 de Mayo,SIP 25 de Mayo,Sector industrial,Oficial,Originario,2952/85,N/C,Acceso a 25 de Mayo: Acceso Arturo Ilia S/N desde Ruta Provincial N°46,-35.409395,-60.177247,"Argañaraz, Gloria M",Secretario de Producción,(02345)463673/82 int 238,produccion25demayo@hotmail.com,s/d,22,36,Si,No,s/d,"Asfalto, consolidado de calles, energía, cero, banda de forestación, desagües pluviales, comunicaciones, alumbrado público, gas, agua, servicios comunes",s/d,No,No,35,1000,7ma. sección,Interior,
060875,Villarino,Médanos, SIP Médanos,Sector industrial,Oficial,Originario,"4235/96",N/C,Sobre la Ruta Nacional Nº 22. km 731.15,-38.810909,-62.685272,Ignacio Gappioli,Dirección de Producción,(02927) 43 2201 int. 131,ignanaciogappioli@hotmail.com,produccion@villarino.gob.ar,49,34,Si,No,Si,"Consolidado de calles, energía, cero, banda de forestación, desagües pluviales, comunicaciones, alumbrado público, gas, agua",s/d,No,Si,4,70,6ta. sección,Interior,
060882,Zárate,Zárate,PIP Parana de las Palmas,Parque industrial,Privado,Originario,"860/13",N/C,Camino A Ruta Nacional Nº 9 KM. 91.5• Camino a Parque Industrial Km 5.3 Zárate (B2800),-34.0874619518233,-59.0658473968505,Oscar Alejo Crespo,Asoc. Prop PI y Logístico Paraná de Las Palmas,(011) 4515-5310/ 4322-4610 / (011) 4477-0678 / (011) 4322 4610,oscarcrespo@pliz.com.ar,info@pliz.com.ar,110,62,Si,SI,Si,"Pavimento, energía, cero, desagües pluviales, comunicaciones, alumbrado público, gas, agua, cloacas, servicios comunes",s/d,s/d,s/d,10,600,2da sección,Interior,
,,,,,,,,,,,,,,,,,,,,,,,,,,,,,,
